channel_088.tif,MM
channel_075.tif,MM
channel_086.tif,MM
channel_090.tif,MM
channel_004.tif,MM
channel_092.tif,MM
channel_076.tif,MM
channel_017.tif,MM
channel_000,MM
channel_000,MM
channel_000.tif,MM
channel_001.tif,MM
channel_002.tif,MM
channel_003.tif,MM
channel_004.tif,MM
channel_005.tif,MM
channel_006.tif,MM
channel_007.tif,MM
channel_008.tif,MM
channel_009.tif,MM
channel_010.tif,MM
channel_011.tif,MM
channel_012.tif,MM
channel_013.tif,MM
channel_014.tif,MM
channel_015.tif,MM
channel_016.tif,MM
channel_017.tif,MM
channel_018.tif,MM
channel_019.tif,MM
channel_020.tif,MM
channel_021.tif,MM
channel_021.tif,MM
channel_022.tif,MM
channel_023.tif,MM
channel_024.tif,MM
channel_025.tif,MM
channel_026.tif,MM
channel_027.tif,MM
channel_028.tif,MM
channel_029.tif,MM
channel_030.tif,MM
channel_031.tif,MM
channel_032.tif,MM
channel_033.tif,MM
channel_034.tif,MM
channel_035.tif,MM
channel_036.tif,MM
channel_037.tif,MM
channel_038.tif,MM
channel_039.tif,MM
channel_040.tif,MM
channel_041.tif,MM
channel_042.tif,MM
channel_043.tif,MM
channel_044.tif,MM
channel_045.tif,MM
channel_046.tif,MM
channel_047.tif,MM
channel_048.tif,MM
channel_049.tif,MM
channel_050.tif,MM
channel_050.tif,MM
channel_051.tif,MM
channel_052.tif,MM
channel_053.tif,MM
channel_054.tif,MM
channel_055.tif,MM
channel_056.tif,MM
channel_057.tif,MM
channel_058.tif,MM
channel_059.tif,MM
channel_060.tif,MM
channel_061.tif,MM
channel_062.tif,MM
channel_063.tif,MM
channel_064.tif,MM
channel_065.tif,MM
channel_066.tif,MM
channel_067.tif,MM
channel_069.tif,MM
channel_069.tif,MM
channel_068.tif,MM
channel_069.tif,MM
channel_070.tif,MM
channel_071.tif,MM
channel_072.tif,MM
channel_073.tif,MM
channel_074.tif,MM
channel_075.tif,MM
channel_076.tif,MM
channel_077.tif,MM
channel_078.tif,MM
channel_079.tif,MM
channel_080.tif,MM
channel_081.tif,MM
channel_082.tif,MM
channel_083.tif,MM
channel_084.tif,MM
channel_085.tif,MM
channel_086.tif,MM
channel_087.tif,MM
channel_088.tif,MM
channel_089.tif,MM
channel_090.tif,MM
channel_091.tif,MM
channel_092.tif,MM
channel_094.tif,MM
channel_095.tif,MM
channel_096.tif,MM
channel_093.tif,MM
channel_097.tif,MM
channel_098.tif,MM
channel_099.tif,MM
channel_100.tif,MM
channel_101.tif,MM
channel_102.tif,MM
channel_103.tif,MM
channel_104.tif,MM
channel_105.tif,MM
channel_106.tif,MM
channel_107.tif,MM
channel_108.tif,MM
channel_109.tif,MM
channel_110.tif,MM
channel_111.tif,MM
channel_112.tif,MM
channel_113.tif,MM
channel_114.tif,MM
channel_115.tif,MM
channel_116.tif,MM
channel_117.tif,MM
channel_118.tif,MM
channel_119.tif,MM
channel_120.tif,MM
channel_121.tif,MM
channel_122.tif,MM
channel_123.tif,MM
channel_124.tif,MM
channel_125.tif,MM
channel_126.tif,MM
channel_127.tif,MM
channel_128.tif,MM
channel_129.tif,MM
channel_130.tif,MM
channel_131.tif,MM
channel_132.tif,MM
channel_133.tif,MM
channel_134.tif,MM
channel_135.tif,MM
channel_136.tif,MM
channel_137.tif,MM
channel_138.tif,MM
channel_139.tif,MM
channel_140.tif,MM
channel_140.tif,MM
channel_141.tif,MM
channel_142.tif,MM
channel_143.tif,MM
channel_144.tif,MM
channel_145.tif,MM
channel_146.tif,MM
channel_147.tif,MM
channel_148.tif,MM
channel_149.tif,MM
channel_150.tif,MM
